1: 1a Option para ser encantada se encontra em cmd_fild09,,,,,,,,,,
,,,,,,,Options,1a linha,2a linha,3a linha
,,,,,,,Weapon,ATK/MATK,Def/Mdef pen,Crit/FCTredu
,,,,,,,Shield,Def,Mdef,All size reduc
,,,,,,,,,,
,,,,,,,,,,
,,,,,,,,,,
,,,,,,,,,,
,,,,,,,,,,
,,,,,,,,,,
,,,,,,,,,,
,,,,,,,,,,
,,,,,,,,,,
,,,,,,,,,,
,,,,,,,,,,
,,,,,,,,,,
,,,,,,,,,,
,,,,,,,,,,
,,,,,,,,,,
,,,,,,,,,,
,,,,,,,,,,
,,,,,,,,,,
2: 2a option para ser encantada se encontra em hu_fild06.,,,,,,,,,,
,,,,,,,,,,
,,,,,,,,,,
,,,,,,,,,,
,,,,,,,,,,
,,,,,,,,,,
,,,,,,,,,,
,,,,,,,,,,
,,,,,,,,,,
,,,,,,,,,,
,,,,,,,,,,
,,,,,,,,,,
,,,,,,,,,,
,,,,,,,,,,
,,,,,,,,,,
,,,,,,,,,,
,,,,,,,,,,
,,,,,,,,,,
,,,,,,,,,,
3: 3a Option para ser encantada se encontra em ra_fild10,,,,,,,,,,